Order_ID,Order_Date,Products,Category,Region,Payment_Mode,Sales
2001,2024-01-18,Shoes,Electronics,East,UPI,32968
2002,2024-02-27,Smart Watch,Home Appliances,West,Credit Card,6651
2003,2024-03-03,Mobile,Clothing,West,UPI,46102
2004,2024-02-27,Headphones,Home Appliances,South,UPI,59575
2005,2024-02-10,Mobile,Electronics,North,UPI,58252
2006,2024-02-18,T-Shirt,Electronics,West,UPI,35078
2007,2024-01-29,Refrigerator,Clothing,West,Credit Card,23155
2008,2024-01-30,T-Shirt,Electronics,West,Debit Card,1908
2009,2024-02-23,Refrigerator,Home Appliances,North,Credit Card,41745
2010,2024-02-07,Mobile,Home Appliances,East,COD,33773
2011,2024-03-26,Laptop,Clothing,East,COD,55956
2012,2024-03-05,Smart Watch,Home Appliances,North,COD,16408
2013,2024-02-21,Smart Watch,Home Appliances,South,Debit Card,36466
2014,2024-03-30,Refrigerator,Home Appliances,East,UPI,29267
2015,2024-03-25,Shoes,Electronics,South,COD,24782
2016,2024-03-03,T-Shirt,Electronics,West,UPI,20719
2017,2024-03-31,Refrigerator,Home Appliances,West,Credit Card,11548
2018,2024-03-05,Laptop,Electronics,South,Credit Card,27006
2019,2024-03-06,Headphones,Home Appliances,East,COD,18147
2020,2024-03-25,Shoes,Home Appliances,North,COD,51857
2021,2024-03-06,Refrigerator,Electronics,South,COD,4178
2022,2024-03-02,Refrigerator,Clothing,South,COD,32280
2023,2024-02-15,Smart Watch,Clothing,North,Debit Card,30525
2024,2024-03-17,Mobile,Electronics,South,Credit Card,56927
2025,2024-01-12,Refrigerator,Home Appliances,East,UPI,55664
2026,2024-03-27,Mobile,Electronics,North,COD,1454
2027,2024-02-05,Laptop,Clothing,North,Credit Card,23072
2028,2024-02-07,Mobile,Electronics,South,Debit Card,35062
2029,2024-01-22,T-Shirt,Clothing,East,COD,46547
2030,2024-02-11,Smart Watch,Clothing,North,UPI,20947
2031,2024-02-19,Headphones,Clothing,South,Debit Card,7627
2032,2024-02-02,T-Shirt,Home Appliances,South,COD,54045
2033,2024-01-03,Laptop,Electronics,West,Credit Card,2815
2034,2024-01-21,Smart Watch,Home Appliances,West,Credit Card,41838
2035,2024-03-29,Shoes,Clothing,South,UPI,26380
2036,2024-03-27,Shoes,Clothing,West,UPI,48829
2037,2024-02-08,Laptop,Electronics,North,Debit Card,5135
2038,2024-01-10,Headphones,Clothing,South,COD,37523
2039,2024-02-02,Laptop,Electronics,North,Credit Card,59535
2040,2024-03-13,Smart Watch,Electronics,North,COD,13633
2041,2024-02-14,Mobile,Electronics,West,Credit Card,32766
2042,2024-01-14,T-Shirt,Clothing,East,COD,1627
2043,2024-02-11,Shoes,Clothing,East,UPI,10786
2044,2024-01-26,Refrigerator,Clothing,South,Debit Card,28630
2045,2024-01-28,Headphones,Home Appliances,North,COD,36389
2046,2024-02-14,Refrigerator,Home Appliances,West,Credit Card,4780
2047,2024-01-06,Mobile,Electronics,South,Credit Card,35772
2048,2024-01-28,Headphones,Clothing,East,Debit Card,22706
2049,2024-02-13,Mobile,Clothing,South,COD,9370
2050,2024-03-15,Shoes,Electronics,East,UPI,27146
2051,2024-01-10,Smart Watch,Electronics,South,Debit Card,8016
2052,2024-03-19,Shoes,Clothing,North,Credit Card,37591
2054,2024-02-05,Mobile,Electronics,East,UPI,40717
2055,2024-03-26,Mobile,Electronics,West,UPI,54640
2056,2024-01-06,Laptop,Electronics,West,Credit Card,8073
2058,2024-01-14,Smart Watch,Clothing,East,Debit Card,47136
2059,2024-03-02,Headphones,Electronics,South,Debit Card,3096
2060,2024-01-04,Mobile,Clothing,East,COD,26142
2061,2024-02-10,Smart Watch,Electronics,North,Debit Card,39916
2062,2024-02-28,Mobile,Clothing,South,COD,43873
2063,2024-02-15,Headphones,Electronics,South,Debit Card,13555
2064,2024-02-01,Headphones,Electronics,East,UPI,49867
2065,2024-02-27,Mobile,Home Appliances,East,Credit Card,26090
2066,2024-02-09,Mobile,Clothing,South,Debit Card,52452
2068,2024-03-19,Shoes,Home Appliances,North,Credit Card,14928
2069,2024-01-03,Refrigerator,Electronics,West,UPI,18067
2070,2024-03-11,Refrigerator,Electronics,North,UPI,42140
2072,2024-01-20,Mobile,Home Appliances,East,UPI,33875
2073,2024-03-26,Laptop,Electronics,South,Credit Card,54341
2074,2024-02-10,Headphones,Electronics,East,Credit Card,59073
2076,2024-03-20,Refrigerator,Home Appliances,South,Credit Card,20090
2078,2024-01-09,T-Shirt,Clothing,West,Debit Card,35979
2079,2024-02-26,Refrigerator,Home Appliances,West,UPI,26433
2081,2024-03-23,Smart Watch,Home Appliances,North,UPI,45831
2082,2024-02-15,Shoes,Electronics,South,Credit Card,17481
2083,2024-02-05,Smart Watch,Home Appliances,West,Credit Card,40637
2084,2024-01-12,Laptop,Clothing,North,Credit Card,35148
2085,2024-02-10,Shoes,Home Appliances,West,Credit Card,16122
2086,2024-02-10,Smart Watch,Home Appliances,West,Credit Card,47217
2087,2024-02-11,Headphones,Home Appliances,East,Credit Card,3658
2088,2024-01-10,Refrigerator,Home Appliances,East,Credit Card,34030
2089,2024-01-27,Headphones,Clothing,East,Debit Card,11325
2090,2024-03-30,T-Shirt,Home Appliances,West,UPI,56616
2091,2024-01-16,Shoes,Home Appliances,West,Credit Card,10709
2092,2024-02-02,Smart Watch,Electronics,North,COD,45171
2093,2024-02-20,T-Shirt,Home Appliances,East,COD,34254
2094,2024-01-22,Shoes,Home Appliances,North,UPI,53449
2095,2024-02-02,T-Shirt,Electronics,East,UPI,9617
2096,2024-03-19,Refrigerator,Home Appliances,North,COD,56269
2098,2024-02-11,Smart Watch,Electronics,West,Credit Card,8311
2099,2024-02-25,Shoes,Home Appliances,West,UPI,43787
